Country,GlobalCompetitivenessIndex
Albania,0.38999932873048976
Algeria,0.40980337921454385
Argentina,0.31895856539550255
Armenia,0.5453295979399888
Australia,0.8684600007881933
Austria,0.881276876648457
Azerbaijan,0.5357045952010159
Bahrain,0.7873159204496982
Bangladesh,0.4526936927950157
Barbados,0.6712121651882479
Belgium,0.8431145523415774
Benin,0.45319321540015983
Bhutan,0.6379923814909904
Bolivia,0.2889157522639378
Bosnia and Herzegovina,0.30827069875602264
Botswana,0.6977746359231318
Brazil,0.5123202913161099
Brunei Darussalam,0.5413782618613784
Bulgaria,0.420718149847322
Burundi,0.22966789871023052
Cambodia,0.45276852745895757
Cameroon,0.5018465180633078
Canada,0.8784333999556316
Cape Verde,0.5373619580897793
Chad,0.280518113044629
Chile,0.7487306441971756
China,0.5931951360455225
Colombia,0.5082095042105658
"Congo, Democratic Rep.",0.4317140821954115
Costa Rica,0.6105666846931471
Côte d'Ivoire,0.5354002802173502
Croatia,0.4460786571469477
Cyprus,0.54055973252233
Czech Republic,0.5916912134435979
Denmark,0.8523312876587129
Dominican Republic,0.4902684623023451
Ecuador,0.4090602738033917
Egypt,0.4735865261218372
El Salvador,0.446139154362314
Estonia,0.8042106259279779
Ethiopia,0.4912919822007385
Finland,0.995636950110652
France,0.7848799759408194
Gabon,0.5038550620346884
"Gambia, The",0.5305644692671494
Georgia,0.6455097070250192
Germany,0.8598806764608639
Ghana,0.540741747775082
Greece,0.49802155019711625
Guatemala,0.5528187455489537
Honduras,0.4766190915060277
Hong Kong SAR,0.9409210401493566
Hungary,0.25234476375782683
Iceland,0.863261194364094
India,0.47355333140085315
Indonesia,0.5590388258962212
"Iran, Islamic Rep.",0.4554775516260768
Ireland,0.9377001502174219
Israel,0.770511169809812
Italy,0.4845864939163116
Jamaica,0.631825065663361
Japan,0.9339222829995342
Jordan,0.691996217994101
Kazakhstan,0.560961307598699
Kenya,0.5596737772148692
"Korea, Rep.",0.6648381281739212
Kuwait,0.5754890017143125
Kyrgyz Republic,0.3890893674702424
Lao PDR,0.4357489488139112
Latvia,0.570927894511442
Lebanon,0.545863796684782
Lesotho,0.5305423338784835
Liberia,0.5242644689121456
Lithuania,0.5623411899318216
Luxembourg,0.9652578741437503
"Macedonia, FYR",0.5000494994109592
Madagascar,0.31620081690392854
Malawi,0.484453739602246
Malaysia,0.7521339631467411
Mali,0.4326657317124799
Malta,0.6955062701130689
Mauritania,0.2264793743177662
Mauritius,0.6831550820815143
Mexico,0.5020736095309123
Moldova,0.30793809930903077
Mongolia,0.4403120158252794
Montenegro,0.4625741903913512
Morocco,0.6229056398197436
Mozambique,0.4115176168112895
Namibia,0.7414180061252655
Nepal,0.5009732231022238
Netherlands,0.9366381188019403
New Zealand,0.929687495267332
Nicaragua,0.32993495623125946
Nigeria,0.4844938415538957
Norway,0.9343082814469389
Oman,0.7847252916752409
Pakistan,0.3790638134876004
Panama,0.6735321442440148
Paraguay,0.43765901922178235
Peru,0.48670378103768097
Philippines,0.5098336335620791
Poland,0.5336108111222829
Portugal,0.5863708710192668
Qatar,0.8495685386823093
Romania,0.4751679982551643
Russian Federation,0.37878710719258596
Rwanda,0.8377164435928685
Saudi Arabia,0.7502557745203011
Senegal,0.5218463406564543
Serbia,0.31894020695340713
Sierra Leone,0.37996337446617484
Singapore,0.962537646735071
Slovak Republic,0.521306679967498
Slovenia,0.5582735056056456
South Africa,0.7817490687206606
Spain,0.6208621892887514
Sri Lanka,0.5589855749344402
Sweden,0.9653398014479692
Switzerland,1.0
"Taiwan, China",0.8163640993853808
Tajikistan,0.579339111371565
Tanzania,0.47285421349087814
Thailand,0.4865808497165654
Trinidad and Tobago,0.5007227353367146
Tunisia,0.593216169919404
Turkey,0.5587669235270719
Uganda,0.5344658944410863
Ukraine,0.28429332238063837
United Arab Emirates,0.8451001119217068
United Kingdom,0.9563990398720607
United States,0.8185362520600241
Uruguay,0.7272618447909213
Venezuela,0.0
Vietnam,0.48052867346404654
Yemen,0.28145128519316975
Zambia,0.5844637514734949
Zimbabwe,0.1928019105049023
East Asia and Pacific,0.6687205606314576
Middle East and North Africa,0.6291510917586257
Latin America and the Caribbean,0.4072172684056938
Europe and North America,0.6711326634877193
Eurasia,0.46966135716182644
Sub-Saharan Africa,0.49789212086788476
South Asia,0.5005436695007757
